response,label
yes! while we are still learning about how covid-2019 affects people’s health more information can be found on cdc website (pdf) ,1
yes! you may be able to get covid-19 from eating raw meat or poultry that has been contaminated with sarsaparic acid (sARS) in your food source for at least 20 days after exposure so there are some signs of illness associated if this happens during those 30 day period when people eat foods high on antibiotics such as chicken breast soup instead,0
"you can volunteer at a food bank or other community organization. make sure they have the supplies where their workers are, as well your insurance information so that when someone in an essential business like grocery stores becomes ill it doesn't affect them financially but cannot donate money directly toward those who need help with groceries during this pandemic (or else)",0
"you can contact your employer or the local fire department for assistance with contacting their office regarding a potential employee who may be unable due leave. they will provide information about how long it takes them until an individual has been in place, such as when hours are reduced (e-mailing) onsite/out of state by telephone call; where employees should go out during this period without interruption while working from home but do so at least",1
"the centers for disease control (cdc) is constantly updating its website with resources to help people understand this new virus. if you or someone in your family has questions, reach out via email at afnrsa@vdh3sorg/coronavirus—or call 804‑234–7364 –and ask them on facebook messenger! they’ll answer any queries that come their way through these chats; otherwise we encourage anyone who's interested by reading what cdc guidance applies here.",0
"the cdc has a list of animal health organizations that are working on prevention, treatment strategies for people with or without symptoms associatedcov infection. see https://www/cdphs’vegetarianscoronavirus/.",1
"if you have been in close contact with someone suspected of having covid-19, or are feeling unwell (like coughing), avoid touching your face. this includes phones and other electronic devices that might be used by people who were not well before the outbreak began—something like shaking hands; washing clothes often after going to work while wearing a mask.; covering coughs/stressed mouths when sneezing cannot rubbed on surfaces as an extra precaution against coronavirusorish materialismshould always go hand over mouthpiece!",0
"you can follow the guidance from your healthcare provider if a person is sick with covid-19 and they are traveling to or arriving at an area where there has been no confirmed case of coronavirus. for more information, visit https://www2ndcov/traveling/.",1
"many stores have apps that allow shoppers to pay with their phones, so try using the app instead of cash or credit cards as an alternative way for shopping carts and food items during this pandemic period!click here ",1
"check your bank account or credit card number to see what kind of payments are available for the purchase and processing fee that will be charged on each transaction, including cashier's checks (if any), debit/credit cards with an expiration date in excess days due dates listed above as well coinsurance claims made by customers who have not yet paid their balances but wish they could receive them via e-mail within 30 calendar day after receiving it from us at this time",0
"yes. however, the employee may be paid only for hours actually worked whether it is performed on site and not remotely as long that time would normally take office rent in which case there are no taxes withheld from them (if such a location exists). additionally though some workers' compensation companies might collect benefits based upon when an employer occupies space leased by another company but where remote working does occur due generally these days you must receive your full wages instead of paying those otherwise unavailable",1
"yes. all businesses are required by law and must provide paid sick leave for those who cannot be worked from the office, including salaried workers (i., e.). however it is not clear whether this will change in response either way due a shortage of skilled labor available on site during times like these where there may still need them as well because many jobs require overtime hours that would otherwise go into other areas such health care facilities/medical equipment offices etc..",0
please email dcedocomplacommunicator@usda.gov to request a link or call 804‑234–0658 (3255). you may also contact your local health department for directions on how best practices are implemented at this location during flu season activities including testing sites availability of personal protective equipment like masks when visiting physicians’ offices; prescriptions,1
please visit https://www.pharmacycoronavirusfoundation’s website for further details on how to obtain a prescription or refill of an approved drug through this online tool called “covidsarechecker (https),0
"many restaurants and bars have opened up takeout/delivery services to the public, but they're not full yet because of covid-19 safety concerns or capacity issues for outdoor dining rooms in some places where people are congregating outside eating establishments with little interaction between them (or seating only). patrons should check their websites about how much pickup is available at your favorite spot nearest ""restaurant!",0
"many restaurants are open 24/7, so you can get your food delivered to the front door and not be in any danger of getting sick from eating at home or having someone else pick up all that delicious stuff for them! try making reservations online with friends who live nearby ( check out our tips section). some places have free delivery options too—check their website here.",1
"yes, as long indicated by the governor's proclamation on march 13th that non‑essential business activities must remain suspended for at least 30 days after a state or local government authority determines it is safe enough not reenters phase 3 (or when there may otherwise have been an active outbreak), all meeting minutes will now occur via video conference. please refer frequently asked questions from your management team regarding whether this requirement applies if you still wish one day -within such short notice –to ensure compliance with executive order 202 relating specifically",0
"yes. the yearly meeting is mandatory for all shareholders, including those who have been members since inception or whose shares were “issued” during a period when there was no prior notice from management that they would not attend such an event (i., e.). however if you wish your shareholders had access at this time but do so through telecommuting instead due on behalf only with their own company's stock exchange account as defined by law then it may require them additionally meet certain other requirements related specifically under",1
"you could say, “we have tested positive for covid-19. we want everyone else in our facility so that all of the sick people can be safely cared at home while keeping safe from exposure!” but it would still take us several days before anyone gets better on their own hands after testing negative—and then getting them out with tylenol or another medication like ibuprofen during this time might make things worse too       .",0
"the provider should contact their local health department or other appropriate healthcare facility for further information. this includes testing, including laboratory tests that are positive (i) by an infectious disease serology lab; i have been exposed as part of my family member's household with covid-19 but am still hospitalized due inpatient care because it is suspected there may be infection from another person who has contracted coronavirus while on leave without showing any signs/symptoms related to illness such pneumonia at home during these visits",1
"it typically takes 2–14 days after exposure to an infectious disease before symptoms start. if you have a positive test result, but are still awaiting results from another testing center or clinic visit – that’s 1 day longer than normal because of delays in reporting laboratory tests as resources allow more time on this partensow—you might be able get infected",0
"in most cases, it takes at least 6 months after exposure to a person with confirmed or suspected coronavirus infection. this time frame varies depending on where you live ( 2020 – 2019), but generally speaking there are no known data available that show any longer than six weeks between onset of symptoms such as fever/shortness coughs during pregnancy;",1
"you may be surprised at how much time has passed since the outbreak began, but it's still important for everyone involved in this process maintain their focus and stick with what they have been doing throughout most of 2020—something that will likely continue even after a vaccine or drug is available (or when one becomes widely distributed). remember not just about getting back into shape quickly; try working harder each day as best possible until things get better!",1
"you may be able recover from the virus’s effects on symptoms, but it is important that everyone in a healthy and productive way stay home during this time of recovery so they can continue working hard for their health care provider or other healthcare providers who need them most! remember not only do these services have limited resources available at times when there's no medication being delivered (such as those with covid-19), however – even though some people might experience mild side affects like nausea/ vomiting after taking medications such medicines",0
"the pa minimum wage act requires that employees of all types be paid for hours actually worked. however, there are limits to what type and location can an employee claim on behalf or through their employer if they have a class-action status (if any classes don't count as one). you may want your supervisor/employer contact information before filing this form so we will know who is covered under each collective bargaining agreement",1
"the state of emergency declared by governor Pat Quinnupdated july 1, 2020 to include unemployment benefits and other public assistance payments. it also includes a provision that allows employers who are unable or refuse overtime pay due on time for non-urgent reasons (such as illness) during this period “to request an extension from their hours worked authorization program” under sfc 401(a)( 2019).",0
no. there are likely a few reports that suggest this may occur during normal animal care activities (including research visits and inspections) as institutions try re-opening after being severely impacted by covid -19 in some cases without appropriate ppe for staff safety reasons related specifically relating directly contact with pets at such an essential level!,0
no. this decision will not affect animal welfare and should only apply in cases where there are currently a shortage (i) for research that would otherwise have been handled by an institutional veterinary hospital/animal health facility; however it may impact other types such as clinical trials with human subjects who require immediate care due their inability at home during these studies but cannot complete them immediately after being released from quarantine without prior approval via eua-covid19 testing procedures,1
"if you're feeling overwhelmed, try to find a quiet place that's less overwhelming than usual at night and can speak quietly or autistic during periods of intense social isolation (i'm not sure what else is going). it may be easier for some people this time because they've lost their sense-making capacity—and are having trouble focusing too much right now! instead focus solely upon how things feel like themselves",0
"if you have a lot of friends or family, it'sNOT easy to stay home and watch them do things that make everyone happy while they're at work! try doing something like watching movies together with their parents during this time when there are so many distractions from schoolwork (like reading books) instead’t distracting yourself too much by playing video games online for hours every day until someone else gets bored",1
"you may have been exposed but are not showing any symptoms. it is recommended that people who were close contacts of a person with sarscov 2 should stay home and monitor their health closely so they can minimize the chance spread before possible exposure, even though this individual has no signs or illness like respiratory issues (such as cough). see cdc's guidance on isolation "" here.",1
"you should contact your healthcare provider right away. they will determine the exact time frame and severity of symptoms that are most likely related with exposure, such as fever or shortness in breath (ie cough), muscle pain during testing; severe abdominal distention due whether it is from a virus infection caused by an underlying medical condition like diabetes/diabetes disease but not pneumonia – even though there may be no evidence yet about this being true at present!",0
"public health guidance recommends that people with suspected or confirmed covid-19 isolate at home for 14 days if they are fever positive, cough shortness of breath (fever), chills/sneezing symptoms such as nausea, vomiting. you can help prevent the spread by following good hygiene practices including washing your hands often throughout this time. wash frequently used surfaces",0
"the state of emergency declared by governor Jay Insleeupdated on march 9, 2020. in addition to cleaning up public areas around schools or other facilities that are not properly maintained for use as a sheltering place (suchas bathrooms/rooms), people must also wash their hands with soap & water before entering any area where they may be exposed if",1
"there are no specific treatments recommended for covid-19. people with mild symptoms may have better supportive care, but it’s not clear whether those who get worse from this illness will be able to recover completely without assistance or medication (or at all). some countries and regions where severe disease can progress more quickly than others might",1
"there are currently no treatments for covid-19. however, some people with severe illness may be able to recover and others can develop mild symptoms that require hospitalization or death due “to complications from infection (such as pneumonia)” but not life support services such a heart transplantation/covir",0
"it is not recommended to do so. however, there are several other respiratory infections that may cause similar illness and the risk of developing pneumonia due a person with covid‑19 infection remains low in some areas (see article 2). for example        severe acute upper or lower  tract complications arise when an infected individual has shortness enough breath without having any additional breathing difficulty while he/she recovers; cough does appear more common after just one symptom but can progress over time as well before you get sick —which means your body aches like",0
"yes. the risk of developing a severe illness with this coronavirus is low, but it can be very serious and may require hospitalization or even death for some patients to survive in isolation (see ""How do we know that someone has covid19?""). however there are no known cases reported so far associated wtf/covfever syndrome among pregnant women without underlying medical conditions such as asthma; therefore these individuals need not have any exposure at all!",1
"if you’re a student or educator, try playing fidget spinner for hours on end to keep your hands busy while keeping yourself occupied!  puzzles are great ways kids can learn something new without having them spend too much time in the house (especially now they have more free internet access). stash some stuffed animals online so their parents know how hard it is getting around—and make sure each child has an app dedicated specifically designed with lessons like “hangout” 2.org, which allows students ages 3–8 years old who aren't comfortable learning anything about coding thanks",1
"question: pick age-appropriate games that teach math and reading at fun brain.
answer:’s best bet is to play a game like the ones you learn in school, but it can be hard for kids who aren't yet ready or have trouble learning them because of their parents' inability (or lack) with homework assignments due on time! if your child doesn “get enough sleep during recess—and they don¹t seem able to complete all tasks properly until after class ends so there are plenty more hours left over from work when things get tough–they might need extra breaks as well? this could help keep everyone entertained while also keeping students",0
"you may be able to buy or wear cloth masks, but they are not required for the general public.masks should only ever cost $100 a piece (or about us70% of retail price).you might also have trouble getting them in some places where there isn't an inventory; stores and businesses need restocked items",0
"you may be able to purchase a mask that covers your nose, mouth and eyes. some masks are available for under $ “$20 or more at the department of health website (www). they include facemasks with visor-less liner covering which allows people wearing goggles over their faces without having them on",1
"consult your doctor to determine whether you need medical care. for more information, see the cdc’s guidance on isolation and quarantine     here.",0
"you may be able to get tested for the virus by visiting a healthcare provider or your local public health department. some people with suspected cases have been exposed and need immediate medical attention, but they are not yet ready enough so",1
"you should use a water bottle or an alcohol-based sanitizer to clean your hands. wash and dry them thoroughly with soapy heat, then rinse off those that are visibly dirty",1
"you should always wash your hands thoroughly with soap and water before entering or leaving.ask for a clean towel, cloth face covering (such as an  antibacterial sponge), disposable",0
"based on available evidence, children do not appear to be at higher risks for getting severely ill from coronavirus than adults. while some kids and infants have been infected but show no signs that they become very unwell (or develop serious illness) or require hospitalization in their home country due a minor exposure—they can still pass it along – older people are more likely just as well protected by vaccinations thanks largely through good hygiene practices such like frequent hand washing when soap isn’t readily accessible outside homes where there aren't any large numbers nor physical contact between healthy individuals who may play an important role during school hours––and thus less",1
"there are no known cases or deaths associated to coronavirus infection in children and adults. however, it has been reported that some people have died from exposure due  coughs/nausea (euc) during pregnancy through early childhood but this does not appear as a significant cause for increased mortality rates among infants born into families who were exposed at higher ages than those without symptoms after birth",0
check out the following websites for updates on public information about covid-19.gov/coronavirus and cdc website vdh prevention tips (pdf),1
"call the nearest emergency room or clinic for help. if you have questions about your condition, visit their website at https://www1-800–843-(emergency).if they are unable to provide a medical evaluation of someone",0
"yes. if a loved one is unable or unavailable, they may be eligible and receive paid time off from their daycares without pay during that period but are not allowed on site at this point due process (see ars).the families first coronavirus response act requires agencies providing services such as food assistance programs within 72 hours of when someone becomes ill with suspected 2019 novel",0
"yes. all families with a dependent child or grandchild who is hospitalized due 2019 are eligible, regardless of whether they have been on extended paid sick time (ehs) and/or vacation days during that period; however if you do not wish them home isolation because your spouse has died from an illness related specifically as defined by their employer's policy regarding separation",1
"if there is a need for support, please reach out to your local human services agency or the arizona department of social service directly at 211-6623 (7124). many non–religious organizations provide emotional well care programs that address issues relating with anxiety/depression—such as domestic violence against women experiencing homelessness; substance use disorder treatment program talk therapy sessions on reducing alcohol misuse in families facing financial hardship due covid19",1
"if your loved one is experiencing anxiety, stress or depression due to covid-19 (or other underlying medical conditions), call 911 for help immediately! talk with their doctor about how they can manage the situation so that he/she understands why it's happening in an orderly manner while also providing support as needed during this time of crisis – especially when there isn “no medication available at home”",0
"yes. if you are a close contacts of someone diagnosed as covid-19, and need to self quarantine for 14 days after their last exposure (within the same household), then it’s important that we follow public health guidance on isolation when one person has symptoms but no other symptom presents ""self care�—it's perfectly normal practice even during this time! cdc recommends",1
"no. the virus that causes covid-19 can spread through coughing, sneezing and difficulty breathing when someone has been exposed to it but not yet infected by another person (e., g.). however if you are a patient at home where there's an outbreak of coronavirus infection then quarantine should be avoided because symptoms may appear more severe than usual for those patients without fever",0
yes. you can use this approach for up and coming back from travel or on public transportation without realizing it until after symptoms have passed,1
no. there is currently insufficient evidence that covid19 infection can be transmitted through direct contact with human skin or mucous membranes and,0
"yes. the department of agriculture is currently considering ways that employees could safely distance themselves from customers and suppliers, but we encourage them notto engage in any activities at this time! please continue directing all questions regarding our operations on facebook or twitter (including how long you should be away). if your facility has an employee who may have been exposed   by someone with covid-19 symptoms, it’s critical they remain home as much while awaiting results so there aren't disruptions for affected workers.",1
"yes, you may be able do so by contacting your local government or county health department. if the facility is located in an area with limited capacity and there are no other options available for employees who cannot provide services at this time (such as telework), please contact their office of operations directly regarding availability on how they will handle any additional requests from customers experiencing delays due either direct mail delivery through our website/email system via emailing them toll-free 1-(877) 674‑8255–7284’s ext",0
yes. the incubation period for covid-19 can range from 1 day – 14 days but most people will have some time between exposure (asymptomatic) or their illness becoming sick enough that symptoms start showing up 2–14 weeks after infection with onset in minnesota. source cdc   data  drafted by public health officials        [1/3 ] https ://www..cdccovids response team /budget 2020 dimeents?pdfhttps��itate@paucityresourceswordstream\ahrhscoronavirus disease 2019 websiteexternal link,0
no. the virus that causes covid-19 can spread through direct or indirect means it may not have been transmitted by someone who was exposed but still lives with symptoms (such infection) after being isolated from others for at least 24 hours prior transmission; however there are currently few cases in which this type could occur without exposure due either directly via respiratory droplets on surfaces such gloves worn during quarantine/quarantine procedures alone nor indirectly because people should wear masks unless otherwise indicated,1
"there are a number (470,000) cases and deaths related to sars cov 2 since march 9th. please note that most workplaces have policies regarding cleaning shared spaces/un common areas where germs can spread from one person every hour or so with appropriate social distancing measures at least 6 feet between individuals on site..",0
"there are no known cases or deaths associated with exposure to coronavirus (coviruses) from workers who have been exposed. however, it has not yet become clear whether this virus can spread through occupational ventilation and other means such as hand washing at work due either direct contact between employees wearing masks during a shift that involves touching their eyes while working on an electronic device for example; coughing up mucus membranes",1
yes – you must designate someone to direct duties as needed for deliverables (including travel) or tasks assigned via video conference calls with remote workers who do not need human interaction in person due diligence at cubicle office locations; however there is no requirement under international law employers have an employee physically present during their job search process unless they meet certain criteria including good standing requirements suchas being able telework within 30 days post covid 19 safety guidelines which apply before entering any location where employees may return safely after business resumes operations following state/provincial closure orders implemented by local governmentsor executive order 20 march 2020and directive 2(5). please see faq section 1 -essentialbusiness considerations regarding noncorporate personnel' rights related questions,0
"we encourage you to consider outsourcing or telework as an option for employees who cannot travel outside their assigned time frame (i., e.). this is especially important when it comes with limited flexibility in terms WORKSHARE agreements between employers; however there may still have been instances where remote workers were unable due some reason during covids/peak hours because they could not complete assignments online while at least temporarily employed by another company without prior approval via emailing them directly through our website!",1
"yes. the risk of catching covid-19 from a package delivered through an infected person in close contact with someone who has no symptoms (known as “restaurant”) or exposure.... regardless, you should follow public",1
"yes. there are no specific guidelines for attending or participating in a gathering of more than 20 people, including those that include receptions/activities where you can meet other attendees (e., kids) at the same time as",0
"while we are still learning about what products to use, there is little information available right now on specific foods that might have some antimicrobial properties. for example—like milk soap bars or dried fruit juice vinegar water with added probiotics (or sesame oil) —these ingredients should be used in infant formula but not mixed as a food product!",1
"in addition to providing information about packaged foods, manufacturers should consider ensuring that they are prepared for shipment. if possible (e.,g.). when preparing food products with ingredients such as egg yolks or other preservatives like sodium virginia oil at home before handling them into containers it is recommended not use any additives containing these substances on raw materials imported from outside countries where there may be a shortage due either directly related shortages caused by lackadaisical factors associated wafers being unavailable locally produced goods but also because some suppliers have limited supply chains; however this will depend upon local conditions including weather patterns which might affect availability/availability while processing certain items so",0
"the requirement to wear masks does not apply if you are sick, or have been exposed. businesses that require masking must follow cdc guidance and local mandates in their jurisdictions where they reside; however individual facilities may decide whether those requirements should be followed by each business regardless of size (or locality). osha's enforcement discretion is based upon public health risk assessment determinations made using scientific evidence gathered from medical professionals who believe wearing cloth-based protection would create an unsafe condition under which employees could become infected with covid19 without realizing it because people might refuse entry into work settings endangering others due insufficient ppe availability at this time..",1
"the governor's office has issued guidance to washhouses and other facilities that require employees who are not wearing masks or goggles, such as those in public restrooms. these requirements apply only if they comply with all of their employer’s policies regarding workplace safety (including mandatory wearables) but do so at no cost beyond what is required by law under s 14-102( S14).",0
yes. you could substitute any manual or scissors for anything that goes into the mask while using your ear loops—like washing hands before removing them after applying one along.,1
yes. you should wash your hands after using the disposable gloves or face coverings that are available on hand sanitizer products for cleaning surfaces such as cloth napkins/pipes (or paper towels) when,0
"there are a number who have been disproportionately affected by covid-19. while some communities with higher numbers (such as new york city) may be able to reopen, others in the most impacted areas—like miami–dade county – remain closed or under quarantine due lack thereof for those experiencing homelessness..",1
"yes, you can avoid contact with anyone who is not a member or has been in your household for at least 14 days. if they are still around after that time (i have had no previous exposure to covid-19), then it's okay because the risk from this virus will be low enough so there isn “no need” any further interaction between them on social media platforms like facebook/",0
"check out our website for updated information. visit https//www3njhealth/coronavirus to learn about how you are keeping yourself safe and healthy, including everything related in your daily life       .",1
visit https://www.njnewsroom/coronation2020/.,0
"if you're feeling isolated, it's easy for them not only at work but also on their way around the world during a crisis like this one! remember that each day is an important moment as well - especially when they are working from home all of us while we wait out what could be another disaster or other unforeseen circumstance such new year brings with nothing much more than fear (i'm sure everyone else will have similar feelings). encourage yourself by sending positive messages about how things can go better together through tough times too; even try giving upbeat emails where possible so people know there aren't any kind-of",0
"if you're feeling overwhelmed, remind yourself that it's okay for everyone around them not only be happy but also anxious about what they hear from their boss or manager; even though the situation may seem stressful at first glance!’t forget everything else—just remember how much time is left on each day when things are going well so don't feel like a waste of valuable work hours just yet (or too busy). try making sure all communication with coworkers stays as smooth while keeping an open mind throughout this process by asking questions such ""what do i need? “what should we talk",1
"when people are feeling anxious, it's natural to feel uneasy and upset about their situation—especially now that we all have a lot of time at home! remember the importance for maintaining positive self-esteem while also keeping in touch with loved ones who may be struggling financially or might not want them there too much more often than usual right away (or else). practicing gratitude is one way humans can cope during this uncertain period; try praying together as an act toward meaning around these difficult times by saying something like ""i'm thankful i've been through so many things but nothing has changed my whole thing yet?",1
"many people are struggling with the loss of their loved ones, and it'sNOT easy to forgive them for what they've done or not do when things aren't going well in life! try praying that someone else will come through this time as a result; even though there may be times where something bad might happen at some point during these difficult days (like being unable-to eat food due meals), remember how much love is meant by God’s grace—and pray every day until everyone can feel better about themselves again so we don  lose our sense like animals who have been around us all along",0
"if your posts are upsetting, then try to find a way for them not just at home but around the world too! posting about something new can help signal that things aren't going well and make people happier while also keeping their spirits up high during these uncertain times—especially since it's hard right now (or very likely) in some cases like quarantine). remember how much positivity is spread when everyone else lives together?olding ""hey no matter what happens out there somewhere isn’t really happening with this virus or nothing will change anything either––just keep doing everything we love using our platforms such as facebook messenger/instagram etcetera..",0
"if your friends and family are watching a show, they might be able to see it live or watch the video chat with their loved ones while also sharing some of that content online as well! this can help them connect more easily when talking about something else like cooking recipes together for dinner instead (or just chatting).",1
yes! however cannot utilize the pharmacy benefit manager’s temporary waiver to waive wholesaler and retail network charges for prescriptions filled through telehealth services during covid-19 as long term care is needed due a potential lack or inability on hand from an abuser (network),0
yes! the governor has ordered that all pharmacies and pharmacy facilities with a valid prescription drug testing facility (including those located outside osha) be closed to patients without prior approval from their local health department or other regulatory authority for up-to three years after they have,1
"no. you are not required by lawto file a tax return, and your individual income is considered exempt from federal or state charges related specifically covid-19 (as long as they were withheld).you may be eligible for upsized refunds if their primary source of wages was changed due in part because employers reduced hours resulting directly with widespread business closures during shelter at home orders implemented across much colorado states",1
"yes, you can. if your employer pays a tax withheld from income for any reason related specifically or indirectly through wages earned during this time period (such as due in whole-time work), then it is considered taxable under federal and state law even though that amount does not include tips paid by employees who are unable otherwise make such payments because of illness resulting at home with covid 19; however",0
"if you or someone in your family is experiencing financial hardship, try calling up a food bank and donating them items like milk soap so they can stay home when their loved one has trouble breathing! some shelters are distributing meals directly from restaurants that have temporarily closed due the coronavirus outbreak; others provide free groceries for people who may not be able get basic needs online during this time of crisis (such as breadwinner families).",1
"if you are a provider or patient who is experiencing severe illness, call 911 and ask for help immediately!’s office will be able  “to provide immediate assistance with any necessary medical care needed by the client in your area of need (e., home health department) as well so that they can get treatment at their facility without having it delayed until after covid-19 has passed since this pandemic ended on May 2020",0
we are continuing our efforts in coordination with the department of agriculture (dares) through joint operations. usda is providing guidance on conducting covid-19 molecular diagnostic tests at this time—including for commercial labs that have experience dealing directly or indirectly related viruses like sarscov,0
yes. the department of agriculture (drac) is continuing its efforts in coordination with our partners at national labs for research on covid-19 infection control measures that are currently being developed by various states including nih/njhhs or hrcs,1
"you may be eligible for pua if your hours are reduced because of the closure or other reasons listed in (e., no layoffs, etc.) by executive order 202 under 1340(a) –temporarily implemented pursuantto section 102b3 subd354; otherwise there is a valid extension available through september 30th 2020 until further notice due process requirements arise�",0
"you can contact your local public health agency directly by phone or email, but they may be unable for a while due the ongoing investigation into this situation (i am currently unemployed). if there is no response from them within 24 hours of receiving an eua letter asking that we notify our insurance company about any changes in their policies with respect thereto please call 1-(800) 6 • 843‑8343 extramural toll free number",1
"yes. as per 8 nycrr §63-110, “essential services provided by a licensed or contracted animal shelter may continue to operate unless otherwise directed from person (i., through no later than 30 days after the end of each week in which case there is an expiration date assigned at that time)   on this temporary suspension until further notice due specifically caused covid 19”(covid19), including veterinary care ervices providing",0
"yes. the department of animal health is currently evaluating all options to provide veterinary care in our state, including providing services through a variety that include vaccinations (including rabies vaccination), behavioral therapy or other therapies; physical distancing from others with underlying medical conditions such as diabetes/malnutrition related issues like heart disease & cancer treatment etc., but we do not yet have any specific plans on how this will impact us financially if there isn",1
"isolation is the separation of people who are sick with covid-19 from others. if someone has been exposed, they may have had contact but not yet developed symptoms and need medical care for their illness or death as well so you should stay home until those individuals recover (or when available)        enough time comes again later on them that your condition doesn't necessitate hospitalization anymore..",1
"the term ""quarantine"" means that you are not allowed outside of your home for more than 24 hours after being exposed. this includes all days, weeks and months when there is no fever or other symptoms such as coughs/nausea (such a sore throat), shortness pain during periods like those described above but also if someone else has covid-19 infection with coronavirus disease at any time since they were sick enough so their temperature drops below normal levels due mainly from exposure; however some people may have been infected by others while still having respiratory problems including pneumonia",0
"please see current guidance from virginia department of public health (vdh) on campus ventilation. vhhs has developed a listexternal icon that includes information about school-sponsored masking, including covid safety measures in schools where students congregate safely during fall break times; additional resources hereunderschoolscovid19resourcescollege facilities faq",1
"students must wear a mask if they have been exposed to an infectious disease or other contagious illness. these include respiratory droplets, such as those that come from coughing/clotting their eyes when someone is sick with covid-19 but not touching them while in school (such cough), sneezing frequently",0
individuals should be alert for violations of public health orders. people who violate these measures may face criminal penalties including up-to‑date fines or other civil rights charges as well an additional $100 per day (per diem) fine under penalty 2 misdemeanor counts related specifically against willful nonmedical causes that exceed 25% alcohol compliance; all actions taken on this basis could,1
you should contact your local health department or county public safety officer. they can help by contacting their office of community outreach (cdc) at 877-87419(3).,0
yes! you should contact your local health department and other state agencies before proceeding with an in person course audit—and always check their websites as soon possible after they announce any changes recommended hereunder §63(1). this may include additional questions,1
"no; however you may request an appointment with your local public health department (or other provider) and/ors arrange one online at https://wwwhealthcareforpatients/.gov/, which is available on our website www2ndlawrence",0
"yes, surgical masks and facemasks that cover the nose & mouth offer broad protection when used in conjunction with other personal protective equipment (ppe). however there is no evidence to suggest they can protect people from covid-19.masks should be designed specifically so you do not touch your face while breathing or preparing food during a pandemic because of how air circulates inside an infected person’s respiratory tract; therefore it may recommend wearing these coverings if possible!",1
"no. the use of a nasal spray or an inhaler is not effective against covid-19, and it should only be used when necessary to protect people with suspected respiratory illness from exposure during this time period (i.,e.). however there has been some evidence that using cough drops in combination can reduce transmission by coughing into others while they recover after being exposed but does so at higher risk than other common colds due mainly otitis media infections such as pneumonia/coviruses like sarsms",0
"the site also has a “pick up” button that allows users to donate items like socks, underwear and hair ties from local businesses or craft kits directly into your home!click here ",1
"check out the website of your local nonprofit that provides free food and supplies to homeless shelters, soup kitchens or other non-profit organizations in need by visiting https://www2ndhandfoodsheltersandfedkinsfoundation/donate/.",0
"remind them that there is a lot of hurt and anxiety in their lives right now, which can only make things worse for you! remember to take care not just about yourself but also the other person around us too—something like saying ""what's going on with this virus or cheering up someone else so they understand it better than we do?scientifically explain how hard covid-19 has been hitting young adults all overthe world while keeping everyone safe from serious symptoms such as trouble breathing (fe",1
"question: help your children practice empathy towards people who are sick.
answer:’s goal is to make them feel better about themselves and others, so they can be moreFUL in their own struggles with illness or stress than other kids do! if you have a child that's struggling emotionally but doesn't want anyone else around for the rest of his/her life (or even just because he has been diagnosed), try giving him hugs instead—and letting everyone know how much it means when someone cares enough not only toward himself & family members; however often times this",0
"if you can't go anywhere, try video chatting on the phone instead of in person! hangouts or zoom are great ways to stay connected while still maintaining social distancing (and it's super easy for everyone involved). crush these chat-based gatherings and find a way that makes each other feel like they're together more often than ever before—just make time so there aren’t any limits placed upon how much interaction we have at this point right now..",1
"if you're feeling lonely, try to stay at least 6 feet away from others and avoid socializing too much or talking about anything that might distract them while they are in the house (like a movie theater). this will help keep everyone else occupied so it won make things easier for yourself during these times of stress!",0
"you can use alcohol wipes or hand sanitizer to cleanse your hands with soap, water cannot be used for at least 20 seconds (or 70%), especially after blowing them away. avoid touching any surface that might have germs on it during food preparation because viruses may linger around surfaces such as tables, countertops.",0
"you can use a hand sanitizer or an alcohol based detergent to cleanse your hands after handling, preparing for washing with soap/water. if possible avoid touching any surfaces that might be contaminated by germs such as dirt on food packaging (such gloves), plastic bags containing raw materials like paper towels; discarded fruit juices from grocery stores where they may have been added during processing",1
yes! if you are within 6 feet of a person with covid-19 and aren't sure how or where it spreads before your �hydroxychloroquine is administered by public health officialsyou should wear face coverings/masks for at least 10 minutes   since this could be asymptomatic carriersso why not overeatheless do so then go out shopping without wearing masks.?,0
"no! there is currently a vaccine against covid-19 that protects people with coughs and sneezes but it does not protect them if they are exposed by touching or spreading germs on surfaces where you live outside of your home for at least 20 feet away while wearing gloves when out public transportation; however this may be possible due mainly because coughing fits into crowded areas such as buses/commutes etc., which means passengers should wear masks during these times so their eyes do appear more visible than others around other persons unless otherwise indicated",1
"after you clean, use soap and warm water to disinfect the backs of any surfaces that someone might touch while they’re washing their face mask for at least 20 seconds (or about 40 minutes if one has a cough). scrub all these spots on top with an alcohol-based hand sanitizer before removing them completely until it gets damp again—and then rinse off those as soon enough when washed away!",0
"if you have a dry towel around the edges of an object, then use it to wipe down any residue on that surface with soap and water before using anything else in place for at this time (such as paper towels).’t forget about touching surfaces like cloths when washing them because they can be contaminated by germs from cleaning products such gloves!",1
"try shopping online or picking up prescriptions. if you have a chronic condition such as diabetes, heart disease (or high blood pressure), lung issues like asthma that make it difficult for them more awake at night -and they may be putting stress on their health system during this pandemic could put people off from seeking medical care in some cases but there is",0
"you should always check your local chain of command for any signs that a store is closing. if they have closed, call them at least 24 hours in advance so there's no reason why it won • avoid going outside or staying home when shopping online (or even just checking social media). try contacting their website instead!",1
"no. the incubation period for most people is about five days, so it's possible that some cases will be missed because testing was not available at this time and we didn't know if they were infected with coronavirus or just asymptomatic carriers (asymptomatic). however there are precautions in place including wearing masks when around others who may spread other diseases like tuberculosis; washing hands often after going out into public places where someone has been exposed  ",0
"yes, if your symptoms are mild or severe. it is important that everyone has at least 1 symptom of the virus and not more than 2 others (i., coughs/nausea), but this does require testing for coronavirus infection in order as well!",1
"yes, you should wash your hands with soap and water for at least 20 seconds. if possible throw them away after using the toilet paper or other material to cleanse any remaining surfaces in a sealed container that may have been exposed   by someone who has tested positive (like an employee of one company delivering food)orishly",0
"yes. the cdc has issued guidance on how to use disposable glove and other protective equipment in conjunction with your health care provider or healthcare professional when you are exposed, including emergency room visits (eua) for patients who have been hospitalized due if they develop severe illness from exposure of a person wearing an electronic medical record that is",1
if you are a close contact of someone suspected or confirmed to be infected by covid-19 but feel fine it is important that everyone stay home for 14 days after their trip out in the country so they can avoid infecting anyone else around them! this will help prevent further spread even though we expect fewer people than usual at some point during your visit..,1
"you can call your doctor right away if they suspect that someone has covid-19 or is suffering a respiratory illness like flu related to the coronavirus but it's not clear what symptoms are causing this condition so don't panic! check for fever (slightly elevated blood pressure), cough/shortness of breath; short periods between meals due mainly because there may be no food available in stores at home while others stay awake during these times",0
"if you have a fever, cough or other symptoms of covid-19 that are similar in severity (e.g., headache and muscle pain), call your health care provider for advice about getting tested right away when they become available so it can be sure the patient is ok enough notto get sick without being exposed        through another illness like coronavirus infection.it’s also important since some patients with these diseases might develop pneumonia more often than others because there isn't widespread testing at this time!",1
"the risk of getting covid-19 from eating or drinking alcohol is low. it's not clear if this virus can be transmitted through food, drink and/or smoking but there are some indications that certain foods may increase your chances for infection with other viruses such as cholera (c 2019). however you might still need treatment in order get rid off any germs on surfaces like sinks where they come into contact while others stay away so avoid touching them too much!",0
"the virus enters your body through a fluidous part of mucus membranes in which it has little ability to reproduce. if one person is infected, others are not so well protected because they have no symptoms and may still be contagious even after several days or weeks without showing any signs that their illness was caused directly from having coronavirus (or just another symptom). however there’s always more chance for someone else who gets sick than end up being symptomatic—and this could change as time goes on! some people develop mild disease but become very ill within about 24 hours before developing serious respiratory issues like pneumonia requiring hospitalization; while other cases require admission into",0
"yes, it is possible to obtain a live virus from someone who has recently contracted the disease. however there are no known cases of people infected in this outbreak that have died or been hospitalized due either way and thus we do not know if they were exposed through contact tracing alone (e., faecal swabs).",1
"if your kid is still learning remotely, you may be able serve as a substitute teacher or caretaker and care coordinator at home while they are off work due either side effects (e., lackable appetite), illness related symptoms such like inflammation that can lead them back into an unsafe situation where schools remain closed/are unable even after students have been through summer break without accessor instruction on any given day—and it would appear otherwise). however cannot helpage remains available via telehealth provided by tricus federal services – which provides free educational materials based upon certain clinical criteria including attendance records regardless whether someone has children under one roof who needs",0
"yes, you may be able request a waiver through your local public health department (cdph) or state agency that allows us access and/or reimbursement if we are unable at home due either an inability on campus by someone else who is not physically present when they arrive as part way into class because it would interfere further education opportunities related specifically toward children's care services suchas physical distancing while attending classes; however please note there will always have been some exceptions under certain circumstances where providers cannot perform these procedures without prior approval via eua unless otherwise indicated above",1
"there are currently no drugs approved by the uve and other regulatory agencies to treat or prevent coronavirus infection in people who have weakened immune systems, which is why it's important that we continue clinical trials of these therapies as quickly possible so they can be used more effectively against this virus!",1
"there are currently no effective treatments to treat the virus that causes coronavirus, but many people with severe acute respiratory syndrome (coviruses) have been shown in clinical trials and some drugs can be used as a treatment or prevention against it without causing serious illness like pneumonia due  coughs/nausea; however this is not yet proven because of lack thereof “the potential risks associated�",0
"outdoor activities are limited to 25 people per group, and the mass gathering limit is in place at any one time. please check local rules on each individual’s gatherings before attending a particular event or visit www3-5 inches away from others (or 2 m) if you have plans for that area!",1
"outdoor activities are not allowed in the city of Portland. however, there is a requirement that all recreational facilities be maintained at least 6 feet (1 m) above and below water levels for people ages 12 years old or older to exercise outdoors while maintaining physical distancing from other residents during this time period as well if they have access through public transportation systems such sidewalks/trails etc., which can reduce exposure due mainly because it's easier on their hands than walking around them indoors with children under 2 inches shorter arms when compared against adults who do so much more often use",0
"nih provides information on grants and fellowship awards. the covid-19 response team is a division of hhs that helps coordinate efforts to respond, monitor progress made by recipients during this public health emergency (for example—as well as in preparing) with data from affected areas",0
"please call the grants administrator at (415) 6 5 #3 or email funding@grants.njgov to request a waiver of your award eligibility and/or application deadline, as well if you are unable due time off work from home because",1
check out the following website(s): cdc coronavirus disease 2019 (covid 19) webpage vdh prevention tips for people who are immunocompromised,1
"the centers for disease control and prevention (cdc) has developed an interactive tool to help people understand how they are being monitored. it's called ""monitoring your health"" that allows you, as",0
please see your gdol advisor’s guide for tips on how you can best manage stress during this time (pdf). if possible talk with someone in a private space or another household who lives alone but isn't sure where they are at any particular moment—like some roommates/mates living under one roof while sheltering from coronavirus!,0
if you are unable or unwilling (or at least uncertain) for any reason that could lead your partners in a romantic relationship with someone who has covid 19 symptoms like anxiety/depression due mainly from having children but also because they cannot cope emotionally without their parents' help during this time – then it's best just leave them alone,1
"yes. if you have a waiting period, or are unable to come in for care because your school is closed due the covid-19 emergency (which means there may be delays between when schools will reopen and end), we encourage those",1
"yes. you may be able to obtain a waiver from your provider if the doctor determines that it is necessary for covid-19 testing or evaluation, and/or when possible during this time (e., instance in which there are",0
"yes. please contact the funding ic for details about how you may best use your donated ppe, including donation items that are not sterile or surgical masks but which have been fda approved by us as a medical device during this public emergency; if so what needs were identified then hhs has determined based on quality standards applied consistently across all devices used throughout our program—including n95 respirators/ffr ffrsa–approved products such anelutionary material containing 2% ethyl alcohol content per 1ml ampoules [pdf 19ncov), etc.). sourcems awarding contracts must",0
"yes. the funding will be used for ppe grants that are not otherwise eligible under this heading, including those awarded through a waiver or other means authorized by law as provided above; however it is important we continue our work on reducing costs associated directly related specifically toward providing services during times when there may have been no such assistance available at these time due solely because providers cannot provide them timely relief from having their own resources diverted into nonessential activities like caring homes/community settings where they would normally receive treatment if needed but instead need urgent medical attention based upon an emergency situation rather than",1
"yes, you may be able to access the unemployment compensation agency’s paid leave policy by contacting your state or local government official if there are any changes in pennsylvania law that would affect how employees receive benefits during periods when many workers remain out on their own due date (such",0
"yes, you are not entitled to receive benefits under the medicaid program if your employer is unable or refuses a payment due in advance from an employee who has been working full time since august 31st (or when they were required by law) during this pandemic period",1
"the fda does not have an exhaustive list of all counterfeit or fraudulent products. for information about respirators that are marketed as medical gloves, please visit vdh’s webpage at httpsnjp3999maskinfo@ventshowardorregistration and investigations/newsfeed/.",1
the nih website for respiratory masks and other products states that it does not recommend wearing an electronic mask. please see https://www2ndlinkinjuryinfo/nifa_coronavirus/.,0
"check out our website at cdc's coronavirus disease 2019 (covid) webpage and on twitter, facebook or other social media platforms to look up helpful resources from healthcare providers who are dealing with this outbreak worldwide. drafted 11 march 2020",0
"there are a number of resources available on this topic, here and in our infographic below (click to zoom):",1
"yes. if you have a history of service and experience in military, civilian or home care settings (suchas family members'parent households), please contact your local cococultor's spiritual advisor/community leader regarding volunteer opportunity announcements via phone call with them!",1
"yes. we encourage all members of our military and their families who have served in active duty or reserve status, including those serving with us at home (including service member funerals), on social distancing programs like pua's volunteer program that allows them access online resources such a video chat tool called ""virtual tours"" where",0
yes. students must wear face coverings at all times except when eating or drinking and can only use them on days where they are attending an outdoor gathering of more than 50 people (or 25 persons per room). however there may be exceptions if social distancing isn't possible between groups larger children under one roof but any other group counts toward multiple households including adults who aren’t members nor party-like entities like college kids!,1
"yes. all students must continue their studies at home and/or during class time if they wish (i., e.). however you do not have access or are unable due any specific reason as outlined above by your institution of higher education department(s). this requirement applies only when there has been no interruption from work related activities such physical distancing between classes on campus while an individual student remains physically isolated with family members who may be attending another educational facility outside schools where covid-19 occurs; i would assume these requirements will apply regardless whether those individuals were absent prior approval was granted through osha",0
"no. there is currently insufficient information to confirm that the supplements can protect against coronavirus infection, and who recommends them only when used for a medical condition (such as high blood pressure). however it has been found in certain animal studies of similar effectiveness on other human coronaviruses including sarscov 2 which suggests they might also be beneficial during this pandemic too!",1
"no. there is currently insufficient evidence to support the use of any form (e., n= “vitamin D,” calcium supplements) for preventing and treating severe acute mycov infection in humans with coronavirus disease cdc/cdcs data from human subjects who have been exposed through exposure during pregnancy; however it has not yet proven that supplementation can reduce risk factors associated wk12  serious illness caused by this virus.",0
"community organizations supporting local and state governments are highly rated by their healthcare providers. they include nonmedical, faith based entities (grades), religious leaders of all ages with a wide range from older adults to young people experiencing homelessness or drug treatment facilities serving low numbers living on our",0
"we are working with partners in other jurisdictions to develop strategies and resources for counties that have not yet received federal funds. these include, state or local governments (including those of our own), tribal entities such as tribes/counties where there has been a shortage on health care",1
"while it's rare for animals to become sick from the virus that causes coronavirus disease 2019 (covid 19), there are some species of pets in china and other countries where people have been infected by humans. according cdc guidance on companion animal health, you can get a healthy cat or dog into your home without realizing how well they worked together before contracting this illness—and even more after having contact through an exposed person! ticks spread",1
no. the risk of getting sick from a person exposed to an infectious disease that causes severe illness or death can outweigh any benefit they might have had by staying home and you shouldn't assume it's because your pets are contagious unless there’s evidence otherwise (such as laboratory tests showing their presence). however – even when people do develop symptoms like fever after exposure does not mean everyone else has them; some animals may,0
"the department of health has been implementing a number changes and is continuing its efforts in response. we are also working closely with other new york state agencies, like governor cuomo’s office (which handles healthcare), as well various community organizations across our region that provide services such at higher risk for getting infected or spreading this disease more information on their websites can help you find resources helpful during these",1
"the centers for disease control and prevention (cdc) has released a new update on coronavirus infection dynamics in healthcare settings. this updated report 2019 provides information about changes that are occurring within health care systems, including those relating specifically with respect of transmission from person through contact tracing or other means such as telemedicine services; however there is no evidence yet regarding any specific",0
"the centers for disease control and prevention recommends wearing cloth coverings in public places where physical distancing can be maintained, even if you don’t have one. masks are meant as protection from other respiratory illnesses like coronavirus but they do protect against certain bacteria or viruses that might spread on surfaces—like those exhaled through coughs, sneezes.",0
"the cdc does have guidance on wearing masks and gowns. please see our faqs for more information about masking, including how you can protect yourself from exposure while in public places or at work (pdf).",1
"yes. you could do this, but it would be dangerous for anyone who is using the bus and train network because of its proximity – so avoid doing that unless absolutely necessary!transportation agencies should consider taking extra precautions such as limiting capacity on buses where possible (if available) when feasible; however there are plenty more questions about how much space between people at any given time during travel than normal travelling which might dictate what kindling services will work properly with everyone else around them safely while still maintaining social distancing",1
"yes, you may be able. the city of Portland has issued guidance on how and when people should travel by bike for certain reasons (see https://www-locations/publication/.pdf). please see http:/policies/, which provides information about where visitors are allowed at all times during this time period as well!",0
"if you’re feeling isolated, try to hold virtual happy hours together as much of the day is dedicated for yourself and family at once! it can be easy when everyone else in this room isn't so busy—you just need some social interaction on video chat or facetime while sitting alone during quarantine (and that's fine too). remember notto worry about meeting people who aren't working all their assigned days but keep doing what they do best by keeping things simple right now instead––like making sure each person has something productive every time he/she walks through an empty space without interrupting themself”.",0
"if you have children, make sure they are safe to attend the funeral service and that everyone is present at least 6 feet away from each other so there's no chance of spreading covid-19 or getting infected by it while in public places like restaurants/motels where people congregate together for entertainment (or even just watching movies). this will help prevent spread as well! remember not only do funerals need time but also social gatherings can be stressful too when kids aren “together”",1
"the cdc recommends that children 6 years and older wear face coverings when they are out in community. if a child has trouble breathing or physical issues, call their local emergency operations center to discuss options with them about how best it can help get medical care where possible safely without using an n95 respirator (masks). this way any",0
"the state of emergency declared by governor Jay Insleeupdated on march 16, 2020. this includes all new construction and expansions to existing facilities that are not currently open or planned as part time activities (e-g., parks) but may be reopened if necessary due in whole cloth with a minimum occupancy requirement under s",1
"if you are immunocompromised or develop other respiratory issues like asthma which compromises your immune system (such as pneumonia), it is important first contact with the health care provider right away so they can decide whether there's more time available before resuming normal activities suchas going out on public transportation where possible safely..",0
"if you are sick with covid-19 or other respiratory symptoms like shortness of breath (low blood pressure), coughs/shortnesses on your chest pain due to the virus spread from person who has it can be life threatening; severe abdominal distention is common but not serious enough so don't panic! try taking antibiotics as soon after exposure because they may help prevent further complications such pneumonia",1
recipients should contact their training subaward service center to request prior approval for reductions. nih understands that delays in funding,0
yes. in addition to reducing costs for training and retention programs that are not currently funded through grants or cooperative agreements,1
"we are still learning about what covid-19 is, but our goal remains keeping everyone safe. as a result of all these changes – staying home when sick with coronavirus (covid 19) can be hard on you; washing your hands often for 20 seconds or even just palms if someone in public places isn’t wearing masks  ––we have had some tough conversations regarding getting help from other community organizations that may",1
"if you are a resident of an area with high rates for covid-19, please contact your health care provider. they may be able help by contacting their insurance company or other providers about providing coverage through these options (e., phone number is 202–85435) so that we can determine whether it's appropriate in our community based on where there’s more information available regarding what type(es",0
"if you have extra time, try setting an activity schedule that includes your usual working hours or schoolwork on video chat and doing some light housework while also homeschooling duties at home (i'm not sure what to do with all of this). make it easier for yourself too by having one-on file sharing the same screen space so everyone can focus more effectively during these times—and be productive!",1
"if you have an office space, like your home or business and need to maintain social distancing from other employees who are not working remotely but want their own workspace for the day (or even just one), then it's probably best that they stay at least 6 feet away so there is no risk of getting sick while doing this job! however since most businesses require workers in remote locations with limited access due time off during peak hours such as when people travel around frequently on public transportation – especially those located close by workplaces where staff may be out all night long without any internet connectivity — consider setting aside some distance between yourself/workers whenever possible instead",0
"it’s not clear if people are immune to covid-19 after they recover. but some parts of south korea and china have reported cases in humans, suggesting that those who were exposed could be a source for transmission even before symptoms start (which means when you get infected). so far there has been no information on whether similar findings from other countries will emerge here—instead we expect them all at once! drafted 11 march 2020",1
"no. it is not possible to transmit covid-19 through contact with people who have been exposed, but there are some cases of transmission that may be transmitted by coughing or sneezing and other respiratory symptoms such as abdominal pain (such a cough) in patients infected while they were unconscious from exposure due “to coronavirus infection”",0
"yes. if you have a computer or tablet and don't want to go outside in the house all day long (or because of school work), try playing an instrument on your phone instead! it's great for both physical skills but also mental health too - especially since there are so many other things going through throughout this time including anxiety about what",1
yes. you may be able to do so if your computer is running a modern operating system or other similar device that allows it (such an internet connection) and/or the game engine runs on top of windows 10 installed in order for this feature not interfere with playing online multiplayer matches between friends using virtual keyboards / mouse controls instead!,0
"a regular uc/referable claimant benefits payment of $600 per week will be reduced based on whether you are receiving pua or rii. if your base period for payments starts at 26 weeks, and therefore begin collecting fpv (or tra) in mid-march 2020 due to covid -19 related school closings it may not exceed 25 days but would decrease by 30% during that time frame under an otherwise normal state unemployment compensation program; however claimants should continue working toward their guaranteed maximum number until they receive all scheduled federal pandemic leave wages from when funds become available through july 29th alabama department stores opt out participationuming temporarily without payup contributionsfor upto one yearcalendariumweekendsyou must report any hours claimed as",1
"per week, a worker earning $75.00 will receive an hourly rate of pay equal to or greater than their regular salary for all hours worked during that period (excluding overtime). this includes tips and other benefits paid by employees who are not working but do work part-time jobs such as cleaning houses/houses while on vacation time due in advance because they cannot be homebound at any point when it would otherwise affect them financially if there were no longer enough workers available; however you may also see additional monthly payments from your employer “paid sick leave”",0
"yes, you can! please submit your   doh covid-19 compliance plan as soon or shortly after the ""self isolation period is over and we will announce it on our website at https//njdhhscovid 19hsagov/ipeshowards/.",1
"yes, you may be able request an extension of time for your stay in the facility if it is not possible or necessary due on behalf by telephone and/or facetime (if available). please see our faq page here.",0
"it's been a tough few months for everyone involved and we all want each other’s health so let us make time together! you can always bring your own food or snacks in our car wash until they're ready too ""what about getting on with loved ones?or else follow their favorite hobbies that matter most right now (like",0
"if you have a car or van and need some extra time off from your job so they can get home early for their weekend vacation (or other business), then it's fine with us! we encourage everyone in our community not only at this point but also those that live nearby as well – especially kids ages 2-14 years old should be",1
"if you can’t go outside, try doing things like baking sheets or making art supplies for a living room garden! puzzles are great options too—just make sure they have something that makes your brain feel fresh and functional every day while staying occupied (or in some cases just working from the couch). hobbies such as painting, singing/video games with kids help bring structure into this situation so it doesn't seem overwhelming right now but there's nothing really new about these activities.",1
"you can use your computer or tablet, a smartphone app like calendaring and social media apps such’s covid-19 recovery tool for instance; it allows people who have been exposed as having severe symptoms of the virus (suchas flu) with virtual therapy sessions online so they don't need an appointment but instead just stay in touch via text message while recovering from their illness through video chat on facebook/google hangouts! this is especially useful if someone has recently recovered after being infected by another person using telemedicine during that time too",0
"we are evaluating the use and availability for non-covid–19 conditions in our hospitals. elective surgeries, such as joint replacements or urgent care visits where there may be delays due to covid‑related capacity issues but not yet clear evidence on long term health effects (",1
"the centers for disease control and prevention (cdc) has developed a list that includes all surgical procedures, including those with known or suspected complications. these include  pre-existing conditions such as cancerous membranes in breast tissue transplantation; lung metastases/s",0
"the incubation period for covid-19 can range from 1 to 14 days, most commonly around five or six. symptoms may appear 2–14 weeks after exposure (asymptomatic) and include fever cough fatigue shortness of breath new loss in taste/smell muscle pain sore throat chills headache congestion persistent nausea vomiting diarrhea other features such as abdominal issues breathing difficultiesence shaking with feeling tiredcrotches bluish lips muscles aches like my hands hurtling against your faceasherats make it difficult even if you have been out since day one cardiopulmonary exercise...",0
"the virus that causes covid-19 can be transmitted through contact with people who have been exposed to it. however, there are no known cases of transmission from someone infected by this coronavirus in humans or animals and so we do not know if they develop symptoms like fever (reduced appetite), coughs/shortness on their own due",1
the coronavirus disease (covid-19) outbreak and national emergency declared by governor tom wolf are among many topics that have been,0
the cdc has developed a template for businesses that can provide guidance on how they should prepare and implement their emergency preparedness,1
"you can check whether your lga has issued a specific level of restriction, or if there are any other measures that may dictate how much people in an area have to go outside. for information about where residents should be kept at home during this pandemic visit acom 417 website. read here ",1
"if you are in a building with at least one resident, including your child or grandchild and/or spouse who is not under age 18 (i. yes), then all residents must be screened for covid-19 before entering their home to ensure they can enter without fear of being exposed by others while inside it unless otherwise instructed on how long each person should stay out until further notice from authorities have been notified that someone else has passed away due either through quarantine as mandated during this time period – i., ea.)",0
"no. agencies are required to conduct a risk assessment and, if necessary (e., due process), provide direction on appropriate responses based upon public health recommendations for individuals impacted directly as well their specific situation with covid-19 infection at that time under circumstances such indicated should they wish not proceed further than those presently identified through other regulatory submissions related specifically within these jurisdictions where there",0
"yes. agencies should consider issuing a waiver to allow for specific requests and/or directives from their own staff, including those that are not related specifically with covid-19 prevention efforts (e.,g.). waivers may include any requirement they believe is necessary if there has been no prior notification regarding implementation through other means such as public health emergency management plans; however it",1
"check out the following websites for information about preparing meals, including ",1
"if you have a family member who is sick, or has been exposed by someone else in the household for more “time than usual” and are unable (or refuse) your children's meals because of covid-19 symptoms. talk about it as much when they come home from work so that everyone understands why this might be happening! try not touching them while eating foods like pasta—especially those made out mostly animal products such  desserts; even though some people may feel better after having spoiled milk on hand instead",0
"use a tissue paper towel to clean the area around you and wash away any excess fabric that might have come into contact with germs, like those from viruses such as coronavirus (covid-19) on surfaces.",0
"wash and dry the top of each side with warm water for at least 20 seconds, then rinse thoroughly after using a clean towel to remove any residue from both sides (or use an alcohol-based hand sanitizer). make sure you don't touch anything that might be on either end as this will help prevent ger",1
"if you have a lot of different stories about covid-19, it’s hard to find reliable ones that are trustworthy and accurate enough at this point (especially since there aren't many true medical or scientific studies available). instead try looking up all your current reports on reputable websites like bbc website viber with facts!",1
"if you have a story about an outbreak of covid-19, it'sNOT THE STORY! instead we're going to focus on what is happening right now and how things are changing around us at this time (and not just when they do). try checking out our coverage page or your local media outlets' stories from different times each day so that people can see where their facts come together as well – even though there may be some misinformation’s up ahead",0
"if you have a medical or dental mask, make sure they are fda-approved and available for your local population before buying it online through the vdh website at httpsmibblehealthexpress@vaultmaskshow3w",1
"you may be able, but it'sNOT possible for us or your organization (or any other charity) “to donate a mask if the recipient is not wearing one at this time and/and they are unable due orders",0
"try to find a way for your siblings and their friends not feeling so desperate. you could also call them “motors” or just something else that’s causing frustration, like ventriloqui (or the term used",0
"you should always be mindful of your emotions and feelings.’t let them get in the way, especially if they are causing anxiety or frustration about things that aren't going well for him right now! try to keep calm",1
"if you’re craving something to do while cooped up in your house, try bringing some nice rays of lemonade and sage into the backyard instead! ",1
"you can make your own homemade gingerbread cookies, muffins and other desserts with roasted vegetables that are made from scratch using only fresh ingredients like cinnamon rolls (or sour cream), raisiny berries/coconut milk mixed in the mix to create an even more decadent dessert layer! these recipes will be delicious too if they're easy on top of some sweetened baked goods such bake them into something fun but also tasty enough so it's nice when everyone else is craving those • ",0
